author,title,description,url,source,image,category,language,country,published_at
,"Watch: Kenan Thompson, Kel Mitchell return in 'Good Burger 2' teaser","Paramount+ released the teaser for ""Good Burger 2"" on Monday. The sequel to the 1997 movie based on the ""All That"" sketch is coming to the streaming service this fall.",https://www.upi.com/Entertainment_News/Movies/2023/08/21/Kenan-Thompson-Kel-Mitchell-Good-Burger-2/6291692661042/,upi,https://cdnph.upi.com/ph/st/th/6291692661042/2023/upi/41640a937d1fe91b95047d6b8399bc03/v1.5/Kenan-Thompson-Kel-Mitchell-return-in-Good-Burger-2-teaser.jpg,general,en,us,2023-08-21T23:52:25+00:00
Cindy Adams,Barbie takes over Bloomingdale’s window display,"Bloomys, palace of shopization, is now a temp Barbiedale. Its windows are wall-to-wall Barbie. ",https://nypost.com/2023/08/21/barbie-takes-over-bloomingdales-window-display/,Post,https://nypost.com/wp-content/uploads/sites/2/2023/08/newspress-collage-xcjng8ko9-1692659673490.jpg?quality=90&strip=all&1692645334,general,en,zm,2023-08-21T23:47:56+00:00
Rowena Orejana,Star-filled cast flames out,"Few filmmakers impose a visual stamp on their work as much as Wes Anderson. It has evolved over nearly a dozen movies, to a point where it is now more of a hindrance than a help.  Anderson’s first movies, Bottle Rocket (1996) and Rushmore (1998), were like a breath of fresh air, naturalistic in form, ... Read More about Star-filled cast flames outThe post Star-filled cast flames out appeared first on NZ Catholic Newspaper.",https://nzcatholic.org.nz/2023/08/22/star-filled-cast-flames-out/,nzcatholic,,general,en,nz,2023-08-21T23:25:22+00:00
,Houston's Rooftop Cinema Club takes it to the streets with DYI graffiti hip-hop night and Brad Pitt beerfest,"Yes, Houston's insane temps seem more quadruple-digit than triple-digit , but that's not stopping locals from enjoying cinema al fresco at the wildly popular Rooftop Cinema Club Uptown for open-air movies and themed nights.",https://houston.culturemap.com/news/entertainment/rooftop-cinema-club-houston-gonzo247-beat-street/,houston,,general,en,us,2023-08-21T23:05:38+00:00
AP News,Michael Oher greets fans at a Baltimore book signing a week after suing to end his conservatorship,"Michael Oher greeted fans but declined to talk to reporters at a book signing in Baltimore a week since suing to end his conservatorship. The former NFL player whose life story became the Oscar-nominated movie “The Blind Side” talked carefully to fans who lined up to get a copy of his recently released memoir, telling some he couldn't say much. Oher filed a petition Aug. 14 in a Tennessee probate court accusing Sean and Leigh Anne Tuohy of lying to him by having him sign papers making them his conservators rather than his adoptive parents nearly two decades ago.The post Michael Oher greets...",https://www.mymotherlode.com/sports/nfl-general-news/3213230/michael-oher-greets-fans-at-a-baltimore-book-signing-a-week-after-suing-to-end-his-conservatorship.html,mymotherlode,,general,en,us,2023-08-21T23:03:22+00:00
Germain Lussier,Barbie's Breakout Hit Song Gets Hilarious Behind-the-Scenes Video,"The goofy, deadpan performances of Barbie obviously work on screen, but what were they like to film? Well, a new video has surfaced thanks to Atlantic Records answering that question and more. It’s a full music video for the film’s standout chart-topping bop “I’m Just Ken” by Ryan Gosling, but it’s filled with behind-…Read more...",https://gizmodo.com/barbie-movie-music-video-im-just-ken-ryan-gosling-sings-1850759883,gizmodo,"https://i.kinja-img.com/gawker-media/image/upload/s--7fjH6o3Q--/c_fit,fl_progressive,q_80,w_636/c21544de9439dc911ed33cb9d907ff7e.jpg",general,en,us,2023-08-21T22:50:00+00:00
By Arlo Marler,‘Talk to Me:’ A Gruesome Indie Horror That Leaves You Wanting More,"&#160; The obsessive and cult following of movies such as “Midsommar”, “The Witch” and “Hereditary,” have all been spearheaded by A24. These films have already been hailed by critics and fans alike as contemporary classics. Furthermore, the virality and &#8220;tiktok-ification&#8221; of movies in this ilk have created a bubble of marketing. This bubble carries A24...The post ‘Talk to Me:’ A Gruesome Indie Horror That Leaves You Wanting More first appeared on The Daily Utah Chronicle.",https://dailyutahchronicle.com/2023/08/21/talk-to-me-gruesome-indie-horror/?utm_source=rss&utm_medium=rss&utm_campaign=talk-to-me-gruesome-indie-horror,dailyutahchronicle,,general,en,us,2023-08-21T22:45:06+00:00
Emily Bashforth,Perrie Edwards’ son Axel looks straight out of a Toy Story movie in cutest outfit as he turns 2,"Happy birthday, Axel!",https://metro.co.uk/2023/08/21/perrie-edwards-alex-oxlade-chamberlain-son-axel-2-19372939/,Metro,,general,en,gb,2023-08-21T22:36:27+00:00
Gabriel Dillard,"‘Barbie’ for $4? National Cinema Day is coming, with discounted tickets nationwide","(AP) — Still haven&#8217;t seen &#8220;Barbie&#8221; or &#8220;Oppenheimer&#8221;? This Sunday, you&#8217;ll be able to catch up for $4 a ticketThe post &#8216;Barbie&#8217; for $4? National Cinema Day is coming, with discounted tickets nationwide appeared first on The Business Journal.",https://thebusinessjournal.com/barbie-for-4-national-cinema-day-is-coming-with-discounted-tickets-nationwide/?utm_source=rss&utm_medium=rss&utm_campaign=barbie-for-4-national-cinema-day-is-coming-with-discounted-tickets-nationwide,thebusinessjournal,,general,en,us,2023-08-21T22:03:09+00:00
Cat Cardenas,The Movie That Just Dethroned Barbie Offers Another Cure for Superhero Fatigue,The movie that just dethroned Barbie shows what the DC movies have been missing.,https://slate.com/culture/2023/08/blue-beetle-movie-box-office-barbie-xolo-mariduena.html?via=rss,Slate Magazine,https://compote.slate.com/images/5ff185e6-2ad1-44c0-85cc-000118608900.jpeg,general,en,us,2023-08-21T21:58:58+00:00
Via AP news wire,Trial scheduled in 2024 for movie armorer in fatal shooting of cinematographer by actor Alec Baldwin,A New Mexico judge has set a February 2024 start date for the trial of a movie armorer in the fatal shooting of a cinematographer by actor Alec Baldwin on the set of a Western film,https://www.independent.co.uk/news/rust-shooting-alec-baldwin-trial-date-b2396937.html,Independent,https://static.independent.co.uk/2023/08/16/03/Alec_Baldwin_Set_Shooting_82104.jpg?width=1200&auto=webp,general,en,gb,2023-08-21T21:50:59+00:00
,"'Barbie' for $4? National Cinema Day is coming, with discounted tickets nationwide","Still haven't seen “Barbie” or “Oppenheimer”? This Sunday, you'll be able to catch up for $4 a ticket in movie theaters nationwide. Theater owners announced Monday that the…",https://japantoday.com/category/entertainment/%27barbie%27-for-4-national-cinema-day-is-coming-with-discounted-tickets-nationwide,japantoday,,general,en,us,2023-08-21T21:22:53+00:00
Will Richards,Adam Sandler’s new movie has perfect score on Rotten Tomatoes,'You Are So Not Invited To My Bat Mitzvah' lands on Netflix this weekThe post Adam Sandler&#8217;s new movie has perfect score on Rotten Tomatoes appeared first on NME.,https://www.nme.com/news/film/adam-sandlers-new-movie-has-perfect-score-on-rotten-tomatoes-3486159?utm_source=rss&utm_medium=rss&utm_campaign=adam-sandlers-new-movie-has-perfect-score-on-rotten-tomatoes,nme,,general,en,us,2023-08-21T20:56:40+00:00
AP News,Trial scheduled in 2024 for movie armorer in fatal shooting of cinematographer by actor Alec Baldwin,"A New Mexico judge has set a February 2024 start date for the trial of a movie armorer in the fatal shooting of a cinematographer by actor Alec Baldwin on the set of a Western film. The judge on Monday scheduled the trial to run from Feb. 21 through March 6 in Santa Fe. Movie armorer Hannah Gutierrez-Reed has pleaded not guilty to charges of involuntary manslaughter and evidence tampering in the fatal shooting of cinematographer Halyna Hutchins during a rehearsal on the set on Oct. 21, 2021. The filming of “Rust” resumed this year in Montana under an agreement with the cinematographer’s...",https://www.mymotherlode.com/entertainment/3213144/trial-scheduled-in-2024-for-movie-armorer-in-fatal-shooting-of-cinematographer-by-actor-alec-baldwin.html,mymotherlode,,general,en,us,2023-08-21T20:43:49+00:00
The Associated Press,Trial scheduled in 2024 for movie armorer in fatal shooting of cinematographer by actor Alec Baldwin,"SANTA FE, N.M. (AP) &#8212; A New Mexico judge has set a 2024 starting date for the trial of movie armorer Hannah Gutierrez-Reed in the fatal shooting of a cinematographer by actor Alec Baldwin during a rehearsal on the set of a Western film. State district court Judge Mary Marlowe Sommer on Monday scheduled the [&#8230;]",https://nationalpost.com/pmn/entertainment-pmn/trial-scheduled-in-2024-for-movie-armorer-in-fatal-shooting-of-cinematographer-by-actor-alec-baldwin,nationalpost,,general,en,us,2023-08-21T20:36:22+00:00
Jon Mendelsohn,‘Barbie’ Releases Behind-the-Scenes Look at “I’m Just Ken”,"Atlantic Records has just released an exclusive featurette for &#8220;I&#8217;m Just Ken,&#8221; a song featured in the smash hit movie Barbie. &#8220;I&#8217;m Just Ken&#8221; is sung by Ryan Gosling in the film. The song was written by Andrew Wyatt and Mark Ronson. The &#8220;I&#8217;m Just Ken&#8217; Exclusive&#8221; video showcases never-before-seen footage of several Barbie cast [&#8230;]The post &#8216;Barbie&#8217; Releases Behind-the-Scenes Look at &#8220;I&#8217;m Just Ken&#8221; appeared first on American Songwriter.",https://americansongwriter.com/barbie-behind-the-scenes-im-just-ken/,americansongwriter,https://www.youtube.com/embed/ru1LC9lW20Q,general,en,us,2023-08-21T20:32:11+00:00
Ella Riley-Adams,Can a New Genre of Eco-Thrillers Inspire Climate Action?,"Fighting the apocalypse is a timeworn movie trope. But in an era of environmental catastrophe, some filmmakers are creating more down-to-earth heroes.",https://www.nytimes.com/2023/08/21/t-magazine/climate-change-movies-film.html,The New York Times,,science,en,us,2023-08-21T20:27:00+00:00
Stephanie Holland,Report: Sandra Bullock Feels The Blind Side Is ‘Tainted’,"The scandal surrounding former NFL player Michael Oher and his “adoptive” parents Sean and Leigh Anne Tuohy has led to a closer examination of The Blind Side, the movie based on their story. In the film, Michael is presented as a foster child with no family and a dangerous, uncertain future until the Tuohys take him…Read more...",https://www.theroot.com/report-sandra-bullock-feels-the-blind-side-is-tainted-1850759247,theroot,"https://i.kinja-img.com/gawker-media/image/upload/s--0843jnfZ--/c_fit,fl_progressive,q_80,w_636/8e7ec746732b6c1c0085a7a3a184106b.jpg",general,en,us,2023-08-21T19:56:00+00:00
mliss1578,‘The Wall’ Ending Explained: Does Isaac Die in ‘The Wall’?,This 2017 war movie is getting a second life on TikTok.,https://decider.com/2023/08/21/the-wall-ending-explained-does-isaac-die/,Post,https://nypost.com/wp-content/uploads/sites/2/2023/08/the-wall.png,general,en,zm,2023-08-21T19:29:18+00:00
"Anna Claire Edenfield, Editor-in-Chief",Barbie Is Buzzing. What Do GS Women Have to Say?,The Barbie movie. It was a hot topic of conversation this summer and continues as one today. The film just topped $1 billion in global ticket sales and is quickly becoming one of the highest-grossing movies of 2023. It even inspired a TikTok trend of women sharing stories of “girlhood” and what it means to...,https://thegeorgeanne.com/41939/reflector/barbie-is-buzzing-what-do-gs-women-have-to-say/,gadaily,,general,en,us,2023-08-21T19:06:46+00:00
Kimberly Ricci,"Okay Fine, Che Diaz Is The Villain Again On ‘And Just Like That’ (Now Let Them Throw All Of Carrie’s Shoes Into The Dumpster)","HBO Max/Merle Cooper Oh, how I've missed the horror movie villain of Che Diaz. They, and two other characters, are the reason to watch 'And Just Like That...'",https://uproxx.com/tv/che-diaz-villan-and-just-like-that/,hitfix,,general,en,us,2023-08-21T18:56:11+00:00
Marie-Claire Chappet,Barbie? Ken? Venezuela?: Why baby names won’t be boring for much longer,"With Tyson and Paris Fury currently cornering the market on unusual baby names, Marie-Claire Chappet digs into why modern parents are determined to make their offspring stand out in the playground",https://www.independent.co.uk/life-style/unusual-baby-names-tyson-fury-b2396868.html,Independent,https://static.independent.co.uk/2023/08/17/16/At_Home_With_The_Furys_n_S1_E1_00_02_10_24.jpg?width=1200&auto=webp,general,en,gb,2023-08-21T18:54:06+00:00
Josh Kurp,One Of The Year’s Best Horror Movies Will Be Available To Watch At Home In Time For Halloween,a24 Watch it before the sequel comes out.,https://uproxx.com/movies/talk-to-me-a24-physical-release/,hitfix,,general,en,us,2023-08-21T18:52:47+00:00
Martha Ross,What Ken teaches men: Bay Area psychologist examines the emotional growth of Barbie’s boyfriend,"The Los Altos author of the new book, 'The Better Man,' says Barbie's beleaguered suitor would feel better about the patriarchy if he practiced mindfulness and learned to deal with his feelings of rejection and anger.",https://www.mercurynews.com/2023/08/21/what-ken-teaches-men-bay-area-psychologist-examines-the-emotional-growth-of-barbies-boyfriend/,mercurynews,https://www.mercurynews.com/wp-content/uploads/2023/08/SJM-L-GOSLINGKEN-0818-01.jpg?w=1400px&strip=all,general,en,us,2023-08-21T18:31:47+00:00
Martha Ross,What Ken teaches men: Bay Area psychologist examines the emotional growth of Barbie’s boyfriend,"The Los Altos author of the new book, 'The Better Man,' says Barbie's beleaguered suitor would feel better about the patriarchy if he practiced mindfulness and learned to deal with his feelings of rejection and anger.",https://www.marinij.com/2023/08/21/what-ken-teaches-men-bay-area-psychologist-examines-the-emotional-growth-of-barbies-boyfriend/,marinij,https://www.marinij.com/wp-content/uploads/2023/08/SJM-L-GOSLINGKEN-0818-01.jpg?w=1400px&strip=all,general,en,us,2023-08-21T18:31:47+00:00
,&#039;Be it a sanyasi or...&#039;: Rajinikanth explains why he touched feet of UP CM Yogi Adityanath,Rajinikanth met the UP chief minister in Lucknow after a special screening of his movie 'Jailer'. He was criticised by some who thought the actor was elder to Yogi and he should not have touched the feet of the chief minister.,https://www.businesstoday.in/latest/story/be-it-a-sanyasi-or-rajinikanth-explains-why-he-touched-feet-of-up-cm-yogi-adityanath-394976-2023-08-21?utm_source=rssfeed,Business Today | Latest Stock Market And Economy News India,,business,en,in,2023-08-21T18:27:10+00:00
,"Watch: 'Bottoms' girls debate high school fight club, feminism","Orion released a clip from the movie ""Bottoms"" on Monday. The film opens Friday in theaters.",https://www.upi.com/Entertainment_News/Movies/2023/08/21/Bottoms-clip-fight-club-feminism/4901692641258/,upiasia,https://cdnph.upi.com/ph/st/th/4901692641258/2023/upi/a151265d1fc598dd082576abdbcbe40a/v1.5/Bottoms-girls-debate-high-school-fight-club-feminism.jpg,general,en,us,2023-08-21T18:26:06+00:00
Mike Redmond,Taika Waititi Reportedly Has Ideas For The ‘Thor 5’ Villain (If The Movie Even Happens),Marvel Taika Waititi already has ideas to give the Thunder God a worthy opponent in 'Thor 5.',https://uproxx.com/movies/thor-5-taika-waititi-villain-ideas/,hitfix,,general,en,us,2023-08-21T18:09:55+00:00
AP News,Book Review: ‘Kind of a Big Deal’ tells backstory of hit comedy that escalated quickly,“Kind of a Big Deal: How ‘Anchorman’ Stayed Classy and Became the Most Iconic Comedy of the Twenty-First Century” by Saul Austerlitz (Dutton) There are plenty of comedies that are known by many for their catchphrases and gags more than the actual plot of the movies — from “Airplane!” to “Blazing Saddles.&#8221; An easy addition [&#8230;]The post Book Review: ‘Kind of a Big Deal’ tells backstory of hit comedy that escalated quickly first appeared on myMotherLode.com.,https://www.mymotherlode.com/entertainment/3213045/book-review-kind-of-a-big-deal-tells-backstory-of-hit-comedy-that-escalated-quickly.html,mymotherlode,,general,en,us,2023-08-21T18:07:17+00:00
TooFab Staff,Top 10 Domestic Box Office Movies For Summer 2023,Top 10 Domestic Box Office Movies For Summer 2023,https://www.toofab.com/photos/2023/08/21/top-10-domestic-box-office-summer-2023/,toofab,https://images.toofab.com/image/c6/o/2023/08/21/c6ae37117eff4e6886a6c72775e54722_md.jpg,general,en,us,2023-08-21T18:03:43+00:00
Christopher Hinton,"7 best characters in Blue Beetle, ranked","There's a lot to love in WB's Blue Beetle movie, but the characters are the best part of it all. DT ranks the best characters in the DC Comics superhero film.",https://www.digitaltrends.com/movies/blue-beetle-best-characters-ranked/,digitaltrends,https://www.digitaltrends.com/wp-content/uploads/2023/08/Blue-Beetle-Feature-image.jpg?resize=440%2C292&p=1,general,en,us,2023-08-21T18:01:18+00:00
Jason Powell,Trailer released for John Cena’s “Freelance” movie,"By Jason Powell, ProWrestling.net Editor...The post Trailer released for John Cena&#8217;s &#8220;Freelance&#8221; movie appeared first on Pro Wrestling Dot Net.",https://prowrestling.net/site/2023/08/21/trailer-released-for-john-cenas-freelance-movie/,prowrestling,,general,en,us,2023-08-21T17:36:36+00:00
Leonard Pearce,"The Criterion Channel Announce September Lineup: Hal Hartley, High School Horror, Peggy Sue Got Married & More","Few American filmmakers of the last 40 years await a major rediscovery like Hal Hartley, whose traces in modern movies are either too-minor or entirely unknown. Thus it&#8217;s cause for celebration that the Criterion Channel are soon launching a major retrospective: 13 features (which constitutes all but My America) and 17 shorts, a sui generis [&#8230;]The post The Criterion Channel Announce September Lineup: Hal Hartley, High School Horror, Peggy Sue Got Married & More first appeared on The Film Stage.",https://thefilmstage.com/the-criterion-channel-announce-september-lineup-hal-hartley-high-school-horror-peggy-sue-got-married-more/,thefilmstage,,general,en,us,2023-08-21T17:32:41+00:00
Melanie Macleod,Harper Beckham goes Barbie blonde in unexpected hair transformation,Victoria Beckham's 12-year-old daughter is looking blonder than ever in latest holiday photos,https://www.hellomagazine.com/celebrities/500726/harper-beckham-barbie-blonde-hair-transformation/,hellomagazine,https://images.hellomagazine.com/horizon/landscape/804d144d03da-harper-david-black.jpg,general,en,us,2023-08-21T17:06:26+00:00
Ayana Herndon,"How the SAG-AFTRA and WGA Strikes Are Affecting Award Shows, Red Carpets, Streaming Series, Movies and More","On July 14, the SAG-AFTRA officially announced a strike and the WGA has been on a strike since May 2.",https://wwd.com/pop-culture/celebrity-news/sag-aftra-strike-tv-shows-movies-premieres-awards-red-carpet-1235754257/,wwd,,general,en,us,2023-08-21T16:48:02+00:00
Ayana Herndon,"What to Know About the ‘World’s Largest’ Barbie Museum: Mini Moving Runways, Pops of Pink and 1,000 Dolls in Dior, Bob Mackie and More","Initially opened in 2016, the expo is the largest permanent exhibition of Barbie dolls in the world.",https://wwd.com/pop-culture/celebrity-news/barbie-expo-museum-canada-1235758703/,wwd,,general,en,us,2023-08-21T16:42:13+00:00
Antonio G. Di Benedetto,LG’s lovely 65-inch C3 OLED TV is now $700 off at Amazon,"The LG C3 is the jack-of-all-trades OLED TV for most people who enjoy both watching TV and playing games. | Image: LG The 65-inch LG C3 OLED TV is on sale for $1,896.99 ($702 off) at Amazon. The 4K TV is an exceptional jack-of-all-trades set with four HDMI 2.1 ports capable of up to 120Hz refresh with VRR, making it ideal for gaming. It’s also got those signature deep black levels for seeing detail even in dark cinematic movies and TV shows. The LG C3 is the follow-up to one of our go-to TVs, last year’s C2. The new TV shares many similar specs with the C2, but it’s brighter, faster (...",https://www.theverge.com/2023/8/21/23839813/lg-c3-oled-tv-xbox-controller-anbernic-handheld-emulators-deal-sale,The Verge,,technology,en,us,2023-08-21T16:21:53+00:00
Jake Coyle,"‘Blue Beetle’ unseats ‘Barbie’ atop box office, ending four-week reign","The DC superhero film “Blue Beetle” led weekend ticket sales with an estimated $25.4 million, according to studio estimates, dethroning “Barbie” from the top spot after a record-setting run that left movie theaters colored pink for a month",https://www.independent.co.uk/news/ap-new-york-oppenheimer-los-angeles-greta-gerwig-b2396296.html,Independent,https://static.independent.co.uk/2023/08/20/17/Film_Review_-_Blue_Beetle_81348.jpg?width=1200&auto=webp,general,en,gb,2023-08-21T16:19:15+00:00
Louis Chilton,James Gunn clears up Superman: Legacy confusion as Blue Beetle overtakes Barbie at the box office,Cavill is being replaced by David Corenswet for the forthcoming DC film,https://www.independent.co.uk/arts-entertainment/films/news/james-gunn-superman-dcu-blue-beetle-b2396451.html,Independent,https://static.independent.co.uk/2022/12/11/12/james%20gunn%20henry%20cavill.jpg?width=1200&auto=webp,general,en,gb,2023-08-21T16:18:45+00:00
Mark Frauenfelder,"Kevin Sorbo claims being a Christian stifles his career, despite Tom Hanks thriving with the same faith","Poor Kevin Sorbo. The beloved superstar, who won the hearts of theater-goers with his exemplary acting in movies such as ""Poolboy,"" ""Never Cry Werewolf,"" and ""Bernie the Dolphin 2,"" says he can't get roles anymore because he is a follower of Christ and a conservative. &#8212; Read the rest",https://boingboing.net/2023/08/21/kevin-sorbo-claims-being-a-christian-stifles-his-career-despite-tom-hanks-thriving-with-the-same-faith.html,boingboing,,general,en,us,2023-08-21T16:09:39+00:00
Shreya Nag,"John Cena’s 20,000,000 Audience Hints at His Favorite Crime Drama Starring $520,000,000 Hollywood Legend","After securing superstar status in the WWE world, John Cena let the world know about his on-screen versatility through a host of jaw-dropping big-screen projects. He embarked on the enthralling Hollywood journey back in 2006. The 46-year-old proved his credentials in all types of genres of movies. But do you ever feel curious to know&#8230;The post John Cena’s 20,000,000 Audience Hints at His Favorite Crime Drama Starring $520,000,000 Hollywood Legend appeared first on EssentiallySports.",https://www.essentiallysports.com/wwe-news-john-cenas-twenty-million-audience-hints-at-his-favorite-crime-drama-starring-five-hundred-twenty-million-dollar-hollywood-legend/,Essentially Sports,https://image-cdn.essentiallysports.com/wp-content/uploads/wwe-star-john-cena-joins-the-fast-and-the-furious-franchise-001-509x315.jpg,sports,en,us,2023-08-21T16:04:31+00:00
,Netflix is sending some subscribers up to 10 extra movies as DVD rental service winds down,The company's DVD-by-mail business is shutting down at the end of September after 25 years.,https://www.cnbc.com/2023/08/21/netflix-will-send-you-up-to-10-bonus-movies-as-dvd-service-winds-down.html,CNBC,,general,en,us,2023-08-21T15:49:49+00:00
Associated Press,"‘Barbie’ for $4? National Cinema Day is coming, with discounted tickets nationwide","More than 3,000 theaters are participating, which accounts for most of the cinemas in the U.S., including the leading chains AMC and Regal.The post &#8216;Barbie&#8217; for $4? National Cinema Day is coming, with discounted tickets nationwide appeared first on Boston.com.",https://www.boston.com/culture/movies/2023/08/21/national-cinema-day-discounted-tickets-nationwide/,boston,https://www.boston.com/wp-content/themes/bdc-2020/images/tease-defaults/fallback-tease-image-4x3-medium.png,general,en,us,2023-08-21T15:37:10+00:00
Blair Marnell,This 2023 horror movie is topping the charts on Netflix. Here’s why you should watch it,This underrated 2023 horror film starring an Oscar-winning actor is the most popular movie on Netflix right now. Find out what it is and why you should see it.,https://www.digitaltrends.com/movies/2023-horror-movie-most-popular-movie-on-netflix-right-now-august-2023/,digitaltrends,https://www.digitaltrends.com/wp-content/uploads/2023/08/The-Popes-Exorcist-Russell-Crowe.jpg?resize=440%2C292&p=1,general,en,us,2023-08-21T15:01:49+00:00
Avery Thompson,‘Reptile’ Trailer: Justin Timberlake Is The Prime Suspect In A ‘Nightmare’ Murder Mystery,Justin Timberlake is accused of murder in the riveting first trailer for his new Netflix movie 'Reptile.',https://hollywoodlife.com/2023/08/21/justin-timberlake-reptile-trailer-video/,hollywoodlife,https://hollywoodlife.com/wp-content/uploads/2023/08/justin-timberlake-prime-suspect-netflix-ftr.jpg,general,en,us,2023-08-21T14:45:20+00:00
Taylor Tuscai,Georgia Southern Alumna Launches Dream Career in Savannah’s Film/TV Industry,"Brianna Black has always been captivated by film’s ability to tell a story. From an early age, she developed a deep-rooted connection to movies and television and used them to relate to the world. By 10 years old, Brianna had her sights set on a career in the film industry. From writing plays to directing...",https://thegeorgeanne.com/41932/uncategorized/georgia-southern-alumna-launches-dream-career-in-savannahs-film-tv-industry/,gadaily,,general,en,us,2023-08-21T14:33:33+00:00
Hanno Labuschagne,AI-generated James Dean appearing in new movie 68 years after actor’s death,"WorldwideXR chief executive Travis Cloyd said the sci-fi movie would involve an ""an out of this world visit to find truth"" that ""leads to a journey across America with the legend James Dean"". ",https://mybroadband.co.za/news/broadcasting/504822-ai-generated-james-dean-appearing-in-new-movie-68-years-after-actors-death.html,mybroadband,,general,en,za,2023-08-21T13:37:45+00:00
Planet Bollywood Special Correspondent,Medha Rana’s upcoming film Friday Night Plan set to premiere on Netflix,"Medha Rana&#8217;s eagerly awaited movie, ‘Friday Night Plan’, is all set to premiere on September 1st, exclusively on Netflix. The trailer has already captured hearts with its promising glimpse into&#8230;The post Medha Rana&#8217;s upcoming film Friday Night Plan set to premiere on Netflix appeared first on Planet Bollywood.",https://planetbollywood.com/wp/news/medha-ranas-upcoming-film-friday-night-plan-set-to-premiere-on-netflix/,planetbollywood,,general,en,us,2023-08-21T13:30:56+00:00
The Associated Press,"‘Barbie’ for $4? National Cinema Day is coming, with discounted tickets nationwide","NEW YORK (AP) &#8212; Still haven&#8217;t seen &#8220;Barbie&#8221; or &#8220;Oppenheimer&#8221;? This Sunday, you&#8217;ll be able to catch up for $4 a ticket in movie theaters nationwide. Theater owners announced Monday that the second annual National Cinema Day will be held Sunday, Aug. 27. For one day, all movies _ in all formats and at all [&#8230;]",https://nationalpost.com/pmn/entertainment-pmn/barbie-for-4-national-cinema-day-is-coming-with-discounted-tickets-nationwide,nationalpost,,general,en,us,2023-08-21T13:03:51+00:00
AP News,"‘Barbie’ for $4? National Cinema Day is coming, with discounted tickets nationwide","Still haven’t seen “Barbie” or “Oppenheimer”? This Sunday, you’ll be able to catch up for $4 a ticket in movie theaters nationwide. Theater owners announced Monday that the second annual National Cinema Day will be held Sunday, Aug. 27. For one day, all movies — in all formats and at all showtimes — will be $4 at participating theaters. More than 3,000 theaters are participating, which accounts for most of the cinemas in the U.S., including the leading chains AMC and Regal. Last year’s inaugural National Cinema Day was judged an enormous success. An estimated 8.1 million...",https://www.mymotherlode.com/entertainment/3212903/barbie-for-4-national-cinema-day-is-coming-with-discounted-tickets-nationwide.html,mymotherlode,,general,en,us,2023-08-21T13:02:22+00:00
Joe Allen,5 movies leaving Paramount+ in August you need to watch now,"From a mob movie classic to a Mark Wahlberg action movie remake, these five movies should definitely be watched before they leave Paramount+ in August.",https://www.digitaltrends.com/movies/movies-leaving-paramount-plus-in-august-2023-you-should-watch/,digitaltrends,https://www.digitaltrends.com/wp-content/uploads/2022/03/img_0126.jpg?resize=440%2C292&p=1,general,en,us,2023-08-21T13:01:29+00:00
,"Skellig Michael guides report unauthorised boat, drone and helicopter visits this summer","Skellig Michael, off the Co Kerry coast, has become increasingly popular since its starring role in the most recent series of Star Wars movies.",https://www.thejournal.ie/skellig-michael-helicopters-drones-boats-6147886-Aug2023/,thejournal,https://c1.thejournal.ie/media/2023/08/monastery-on-skellig-michael-county-kerry-munster-republic-of-ireland-230x150.jpg,general,en,ie,2023-08-21T12:47:34+00:00
Adam Starkey,Daisy May Cooper was offered role in ‘Fast And Furious’ movie after ‘This Country’,The actor was recently rumoured for a role in the next James BondThe post Daisy May Cooper was offered role in &#8216;Fast And Furious&#8217; movie after &#8216;This Country&#8217; appeared first on NME.,https://www.nme.com/news/film/daisy-may-cooper-offered-role-fast-and-furious-movie-3486012?utm_source=rss&utm_medium=rss&utm_campaign=daisy-may-cooper-offered-role-fast-and-furious-movie,nme,,general,en,us,2023-08-21T12:17:41+00:00
Alex Abad-Santos,People forgot how to act in public ,"Pink, performing on stage in London, where a fan handed her their mother’s ashes. | Burak Cingi/Redferns Why concertgoers keep throwing things at celebrities and no one can shut up at the movies. Some people shouldn’t be out in public right now.Movie theaters have become a lawless land where some moviegoers have no reservations about using their phones after films have started. Sometimes it’s not just a glance at the time, but full-on social media scrolls and posting. In New York City, Broadway audiences are drunk, rowdy, and apparently leaving feces in the aisles of theaters. This summer...",https://www.vox.com/culture/23835782/concert-attack-cardi-b-pink-ashes-movie-theater,VOX,,general,en,gi,2023-08-21T11:00:00+00:00
Chirag Radhyan,"“About to Walk Out of a Fight and a Marriage”: Amid Ugly Beef With Dillon Danis, Logan Paul Gets Ripped Apart by Fans for Walking Out of ‘Oppenheimer’","In the past, many slammed Logan Paul for his review of Jordan Peele&#8217;s horror movie, &#8216;Nope.&#8217; After viewing it, he stated it was &#8220;one of the worst movies&#8221; he&#8217;d seen in a long time. Again, Paul has come forward with a similar take on another motion picture, but it&#8217;s on &#8216;Oppenheimer&#8217; this time. In the&#8230;The post “About to Walk Out of a Fight and a Marriage”: Amid Ugly Beef With Dillon Danis, Logan Paul Gets Ripped Apart by Fans for Walking Out of ‘Oppenheimer’ appeared first on EssentiallySports.",https://www.essentiallysports.com/boxing-news-about-to-walk-out-of-a-fight-and-a-marriage-amid-ugly-beef-with-dillon-danis-logan-paul-gets-ripped-apart-by-fans-for-walking-out-of-oppenheimer/,Essentially Sports,https://image-cdn.essentiallysports.com/wp-content/uploads/GettyImages-1233344873-473x315.jpg,sports,en,us,2023-08-21T10:52:18+00:00
Rachel Avery,Blake Lively's Barbie boudoir will totally blow your mind in unearthed video,Blake Lively's childhood bedroom is the stuff dreams are made of – see the totally pink ultra-luxurious room in an unearthed video,https://www.hellomagazine.com/homes/500679/blake-lively-childhood-bedroom-pink-video/,hellomagazine,https://images.hellomagazine.com/horizon/landscape/5c37dcafbaf9-blake-lively-red-carpet.jpg,general,en,us,2023-08-21T10:46:22+00:00
Adam Starkey,‘Blue Beetle’ dethrones ‘Barbie’ after four-week box office streak,The DC superhero outing topped the US box office despite a lower-than-expected debutThe post &#8216;Blue Beetle&#8217; dethrones &#8216;Barbie&#8217; after four-week box office streak appeared first on NME.,https://www.nme.com/news/film/blue-beetle-dethrones-barbie-after-four-week-box-office-streak-3485945?utm_source=rss&utm_medium=rss&utm_campaign=blue-beetle-dethrones-barbie-after-four-week-box-office-streak,nme,,general,en,us,2023-08-21T09:59:38+00:00
zee business,'Jailer' and 'Gadar 2' box office reports: Rajnikanth starrer movie joins Rs 500 crore club; Sunny Deol starrer film set to scale the same peak,Rajnikanth starrer movie is living up to its expectations as it breached the Rs 500-crore mark on Sunday with net India earnings of Rs 18.70 crore on the 11th day. ,https://www.zeebiz.com/trending/entertainment/news-jailer-and-gadar-2-box-reports-rajnikanth-starrer-movie-joins-rs-500-crore-club-sunny-deol-starrer-film-set-to-scale-the-same-peak-249814,Zee Business,,business,en,us,2023-08-21T09:32:35+00:00
,"Movie review: Raunchy 'Bottoms' is funny, empowering","""Bottoms,"" in theaters Friday, puts a fun twist on R-rated teenage comedy with an all-girl high school fight club.",https://www.upi.com/Entertainment_News/Movies/2023/08/21/Bottoms-movie-review/7271692376900/,upiasia,https://cdnph.upi.com/ph/st/th/7271692376900/2023/i/16923772556480/v1.5/Movie-review-Raunchy-Bottoms-is-funny-empowering.jpg,general,en,us,2023-08-21T09:01:06+00:00
Mesquite LDS Public Affairs,"Here’s How To Watch ‘Mission Impossible 7’ At Home Free Online: When Will M-I Dead Reckoning Part One (2023) Movie Be Streaming On HBO Max,Hulu Or Netflix","Paramount Pictures! Here are options for downloading or watching Mission: Impossible 7 – Dead Reckoning streaming the full movie online for free on 123movies & Reddit, including where to watch Tom Cruise&#8217;s seventh installment of Mission Impossible movie at home. Is Mission Impossible 7 available to stream? Is watching Mission: Impossible – Dead Reckoning Part [&#8230;]",https://mesquitelocalnews.com/2023/08/21/heres-how-to-watch-mission-impossible-7-at-home-free-online-when-will-m-i-dead-reckoning-part-one-2023-movie-be-streaming-on-hbo-maxhulu-or-netflix/,mesquitelocalnews,,general,en,us,2023-08-21T08:48:32+00:00
Mesquite LDS Public Affairs,"Here’s Where To Watch ‘Blue Beetle’ Online Free: Is Blue Beetle (2023) Streaming On HBO Max, Netflix Or Max Plus","DC Superhero Movies! Here are options for downloading or watching Blue Beetle streaming the full movie online for free on 123movies & Reddit, including where to watch the fourteenth installment of the DC Extended Universe (DCEU) Blue Beetle movie at home. Is Blue Beetle 2023 available to stream? Is watching Blue Beetle on Peacock, Disney [&#8230;]",https://mesquitelocalnews.com/2023/08/21/heres-where-to-watch-blue-beetle-online-free-is-blue-beetle-2023-streaming-on-hbo-max-netflix-or-max-plus/,mesquitelocalnews,,general,en,us,2023-08-21T08:47:20+00:00
Mesquite LDS Public Affairs,"Here’s Where To Watch ‘Strays’ Online Free: Is Strays (2023) Streaming On HBO Max, Netflix Or Paramount Plus","The hilarious Will Ferrell and Jamie Foxx starrer is now here. Check out where you can watch Strays online. Watch Strays online is free, Strays Online Full Movie which includes streaming options such as 123movies, Reddit, Netflix, HBO Max, Disney Plus or Peacock, or Amazon Prime in the United States, US, United Kingdom, UK, Canada, [&#8230;]",https://mesquitelocalnews.com/2023/08/21/heres-where-to-watch-strays-online-free-is-strays-2023-streaming-on-hbo-max-netflix-or-paramount-plus/,mesquitelocalnews,,general,en,us,2023-08-21T08:46:26+00:00
Mesquite LDS Public Affairs,"Where To Watch ‘Back on the Strip’ Online Free: Is Back on the Strip (2023) Streaming On HBO Max, Netflix Or Paramount Plus","21 sec ago — Still Now Here Option’s to Downloading or watching Filmmakers for Back on the Strip Fullmovie Online For Free the full movie online for free. Do you like movies? If so, then you’ll love New Romance Movie: Watch ‘Filmmakers for Back on the Strip. This movie is one of the best in [&#8230;]",https://mesquitelocalnews.com/2023/08/21/where-to-watch-back-on-the-strip-online-free-is-back-on-the-strip-2023-streaming-on-hbo-max-netflix-or-paramount-plus/,mesquitelocalnews,,general,en,us,2023-08-21T08:45:11+00:00
Christopher Lazarus,“If I Could Leave” – Cody Rhodes’ Sister Reveals Rare Details About the 38-Year-Old’s Faded Dream to Pattern After Dwayne Johnson and John Cena,"WWE is such a world-renowned brand that its stars have a fan following in practically every continent. With such a huge fan base, it only becomes easier for them to get placed in commercials or TV shows, or even movies. As the number of wrestlers who&#8217;re leaving pro wrestling for Hollywood increases, one man is&#8230;The post “If I Could Leave” – Cody Rhodes’ Sister Reveals Rare Details About the 38-Year-Old’s Faded Dream to Pattern After Dwayne Johnson and John Cena appeared first on EssentiallySports.",https://www.essentiallysports.com/wwe-news-if-i-could-leave-cody-rhodes-sister-reveals-rare-details-about-the-thirty-eight-year-olds-faded-dream-to-pattern-after-dwayne-johnson-and-john-cena/,Essentially Sports,https://image-cdn.essentiallysports.com/wp-content/uploads/Cody-Rhodes-WWE-560x315.png,sports,en,us,2023-08-21T07:44:47+00:00
Kim Da-sol,Think pink: ‘Barbiecore’ sweeps local fashion scene,"Who knew that so many different shades of pink could become so fashionable again? The pink trend, sparked by Valentino&rsquo;s &ldquo;Pink PP&rdquo; concept in in its 2022 fall-winter Milan show, has become a mainstay in global fashion scene. Boosted by Greta Gerwig&rsquo;s recent film &ldquo;Barbie,&rdquo; which has been riding on an enormous marketing budget, the pink-based &ldquo;Barbiecore&rdquo; trend is not going away anytime soon. Barbiecore is a 1980s retro fashion trend based on what Ba",https://www.koreaherald.com/view.php?ud=20230821000500,koreaherald,,general,en,us,2023-08-21T04:50:09+00:00
AP News,"What to stream this week: Adam Sandler, ‘Star Wars: Ahsoka,’ Tim McGraw and ‘Honor Among Thieves’","This week’s new entertainment releases include the “Mandalorian” spin-off “Star Wars: Ahsoka” starring Rosario Dawson, the well-received, fantasy movie “Dungeons and Dragons: Honor Among Thieves” lands on Prime Video and Tim McGraw roars back with the album “Standing Room Only.” Adam Sandler and his daughter, Sunny, star in “You Are So Not Invited to My Bat Mitzvah,” “Invasion” season 2 launches on Apple TV+ on Wednesday, the soul-stirring Italian epic of male friendship “The Eight Mountains” begins streaming and the video game Immortals of Aveum offers a first-...",https://www.mymotherlode.com/entertainment/3212777/what-to-stream-this-week-adam-sandler-star-wars-ahsoka-tim-mcgraw-and-honor-among-thieves.html,mymotherlode,,general,en,us,2023-08-21T04:02:45+00:00
The Associated Press,"What to stream this week: Adam Sandler, 'Star Wars: Ahsoka,' Tim McGraw and 'Honor Among Thieves'","This week’s new entertainment releases include the “Mandalorian” spin-off “Star Wars: Ahsoka” starring Rosario Dawson, the well-received, fantasy movie “Dungeons and Dragons: Honor Among Thieves” lands on Prime Video and Tim McGraw roars back with the album “Standing Room Only.”",https://www.independent.co.uk/news/ap-adam-sandler-tim-mcgraw-italian-stream-b2395586.html,Independent,https://static.independent.co.uk/2023/08/18/17/The_Stream_48902.jpg?width=1200&auto=webp,general,en,gb,2023-08-21T04:01:00+00:00
Mali Waugh,The king of (bad) comedy: Why is Robert De Niro addicted to awful movies?,"The guy is either bad at choosing projects, or just doesn’t care any more.",https://www.smh.com.au/culture/celebrity/the-king-of-bad-comedy-why-is-robert-de-niro-addicted-to-awful-movies-20230814-p5dwae.html?ref=rss&utm_medium=rss&utm_source=rss_feed,The Sydney Morning Herald,https://static.ffx.io/images/$zoom_0.9652588888888888%2C$multiply_0.7554%2C$ratio_1.777778%2C$width_1059%2C$x_1427%2C$y_682/t_crop_custom/q_86%2Cf_jpg/ec292b006963cc599c19c0f8fe585b5a091bc4e7,general,en,au,2023-08-21T03:38:44+00:00
Mali Waugh,The king of (bad) comedy: Why is Robert De Niro addicted to awful movies?,"The guy is either bad at choosing projects, or just doesn’t care any more.",https://www.smh.com.au/culture/celebrity/the-king-of-bad-comedy-why-is-robert-de-niro-addicted-to-awful-movies-20230814-p5dwae.html?ref=rss&utm_medium=rss&utm_source=rss_culture,The Sydney Morning Herald,https://static.ffx.io/images/$zoom_0.9652588888888888%2C$multiply_0.7554%2C$ratio_1.777778%2C$width_1059%2C$x_1427%2C$y_682/t_crop_custom/q_86%2Cf_jpg/ec292b006963cc599c19c0f8fe585b5a091bc4e7,entertainment,en,au,2023-08-21T03:38:44+00:00
Mali Waugh,The king of (bad) comedy: Why is Robert De Niro addicted to awful movies?,"The guy is either bad at choosing projects, or just doesn’t care any more.",https://www.theage.com.au/culture/celebrity/the-king-of-bad-comedy-why-is-robert-de-niro-addicted-to-awful-movies-20230814-p5dwae.html?ref=rss&utm_medium=rss&utm_source=rss_feed,The Age,https://static.ffx.io/images/$zoom_0.9652588888888888%2C$multiply_0.7554%2C$ratio_1.777778%2C$width_1059%2C$x_1427%2C$y_682/t_crop_custom/q_86%2Cf_jpg/ec292b006963cc599c19c0f8fe585b5a091bc4e7,general,en,au,2023-08-21T03:38:44+00:00
Associated Press,"‘Blue Beetle’ unseats ‘Barbie’ atop box office, ending four-week reign","The DC superhero film &#8220;Blue Beetle&#8221; led weekend ticket sales with an estimated $25.4 million, according to studio estimates, dethroning &#8220;Barbie&#8221; from the top spot after a record-setting run that left movie theaters colored pink for a monthThe post &lsquo;Blue Beetle&rsquo; unseats &lsquo;Barbie&rsquo; atop box office, ending four-week reign appeared first on Boston.com.",https://www.boston.com/culture/movies/2023/08/20/blue-beetle-unseats-barbie-atop-box-office-ending-four-week-reign/,boston,https://www.boston.com/wp-content/themes/bdc-2020/images/tease-defaults/fallback-tease-image-4x3-medium.png,general,en,us,2023-08-20T23:55:55+00:00
Will Richards,Jamie Dornan knew “critics would despise” ‘Fifty Shades’ movies,The films received just a 15 per cent approval rating on Rotten TomatoesThe post Jamie Dornan knew &#8220;critics would despise&#8221; &#8216;Fifty Shades&#8217; movies appeared first on NME.,https://www.nme.com/news/film/jamie-dornan-knew-critics-would-despise-fifty-shades-movies-3485660?utm_source=rss&utm_medium=rss&utm_campaign=jamie-dornan-knew-critics-would-despise-fifty-shades-movies,nme,,general,en,us,2023-08-20T21:48:14+00:00
,"‘Blue Beetle’ unseats ‘Barbie’ atop North American box office, ending 4-week reign","The DC superhero film “Blue Beetle” led weekend ticket sales with a modest $25.4 million opening, according to studio estimates Sunday, dethroning “Barbie” from the top spot after…",https://japantoday.com/category/entertainment/%E2%80%98blue-beetle%E2%80%99-unseats-%E2%80%98barbie%E2%80%99-atop-box-office-ending-four-week-reign,japantoday,,general,en,us,2023-08-20T21:18:24+00:00
Marie Moore,"WHY is Jamie Foxx - an Oscar® winner - a part of this vile, inferior movie?: A Lackluster ‘Blue Beetle’ and A Repulsive ‘Strays’ | VIDEOs","*A lackluster “Blue Beetle” and repulsive “Strays” add little, content-wise, to the new films at the box office. “The Blue Beetle” is DC Comics second major release this year. Of the supermen in comics, “Spiderman” seemingly is the only one affected by a bite. The Scarab beetle attaches itself to its host, Jaime Reyes (Xolo [&#8230;]The post WHY is Jamie Foxx - an Oscar® winner - a part of this vile, inferior movie?: A Lackluster ‘Blue Beetle’ and A Repulsive ‘Strays’ | VIDEOs appeared first on EURweb.",https://eurweb.com/2023/a-lackluster-blue-beetle-and-a-repulsive-strays-videos/,eurweb,,general,en,us,2023-08-20T20:59:13+00:00
,'Blue Beetle' tops North American box office with $25.4M,"""Blue Beetle"" is the No. 1 movie in North America, earning $25.4 million in receipts this weekend, BoxOfficeMojo.com announced Sunday.",https://www.upi.com/Entertainment_News/Movies/2023/08/20/box-office-blue-beetle/7031692561632/,upiasia,https://cdnph.upi.com/ph/st/th/7031692561632/2023/upi/affd3595a83251a473e46333fc93bbac/v1.5/Blue-Beetle-tops-North-American-box-office-with-254M.jpg,general,en,us,2023-08-20T20:33:51+00:00
Matthew Karnitschnig,Springtime for Europe’s fascists,You haven't seen this movie before. This time Germany's sharp lurch to the right is the phenomenon to watch.,https://www.politico.eu/article/germany-fascism-populism-europe-bjorn-hocke-immigration-elections-eu/,politico,https://static.politico.com/69/83/dae39d98421faf526e058e565d4f/germany-parliament-08136.jpg,general,en,us,2023-08-20T20:15:09+00:00
4thquarterhero,The Curse of 1998: Part 6,"Yeah.... ehhh. | Brace Hemmelgarn-USA TODAY Sports Time to lick some wounds The last month of the Vikings’ 2009 season was like watching a slow-motion car accident in a movie. Having just gotten up to speed, Brett Favre, AP, and company swerved down the stretch of the regular season only to find themselves regain traction in the first round of the playoffs. Ultimately though, that traction came too late, and ran smack into the barrels of water put in front of where the exit splits from the interstate. Like said figurative car, and their quarterback, the Vikings were totaled after a go-for-...",https://www.dailynorseman.com/2023/8/20/23836720/the-curse-of-1998-part-6,dailynorseman,,general,en,us,2023-08-20T20:11:37+00:00
Joe Allen,5 movies leaving Max in August you need to watch now,"From a great Christopher Nolan movie to underrated Christian Bale film, these five movies are ones you should watch before they leave Max in August.",https://www.digitaltrends.com/movies/movies-leaving-max-august-2023/,digitaltrends,https://www.digitaltrends.com/wp-content/uploads/2018/05/shows-to-stream-dunkirk-1.jpg?resize=440%2C292&p=1,general,en,us,2023-08-20T20:01:37+00:00
Matthew Karnitschnig,Springtime for Europe’s fascists,You haven't seen this movie before. This time Germany's sharp lurch to the right is the phenomenon to watch.,https://www.politico.eu/article/germany-fascism-populism-europe-bjorn-hocke-immigration-elections-eu/?utm_source=RSS_Feed&utm_medium=RSS&utm_campaign=RSS_Syndication,europeanvoice,,general,en,us,2023-08-20T20:00:00+00:00
Sammi Turano,The Masked Singer Recap for 4/5/2023,The Masked Singer Recap for 4/5/2023 This is WB Movie Night on Fox’s The Masked Singer!! Let’s get down to business! &#160; The Doll: He [&#8230;],https://www.tvgrapevine.com/2023/08/the-masked-singer-recap-for-4-5-2023/,tvgrapevine,,general,en,us,2023-08-20T19:49:02+00:00
By JAKE COYLE / AP,‘Blue Beetle’ Unseats ‘Barbie’ Atop Box Office,The “Barbie” phenomenon is far from over though.,https://time.com/6306661/blue-beetle-unseats-barbie-atop-box-office/,TIME.com,,general,en,us,2023-08-20T19:35:46+00:00
Christi Carras,"Adiós, 'Barbie'. El nuevo 'Blue Beetle' destrona por fin a la superproducción en la taquilla",'Blue Beetle' de Warner Bros. y DC Studios ha terminado con el dominio de cuatro semanas de la película 'Barbie' en la cima de la taquilla. La película de Greta Gerwig quedó en segundo lugar.,https://www.latimes.com/espanol/entretenimiento/articulo/2023-08-20/adios-barbie-el-nuevo-blue-beetle-destrona-por-fin-a-la-superproduccion-en-la-taquilla,latimes,,general,en,us,2023-08-20T19:29:02+00:00
The Associated Press,"‘Blue Beetle’ unseats ‘Barbie’ atop box office, ending four-week reign","NEW YORK (AP) — The DC superhero film “Blue Beetle” led weekend ticket sales with an estimated $25.4 million, according to studio estimates, dethroning “Barbie” from the top spot after a record-setting run that left movie theaters colored pink for a month.The “Barbie” phenomenon is far from over. Greta Gerwig’s film, which earlier this week became the highest grossing Warner Bros. release ever domestically, nearly managed to stay No. 1 again with $21.5 million in its fifth weekend. Its in North America is up to $567.3 million.And the other half of “Barbenheimer” also...",https://centraloregondaily.com/film-box-office/,kohd,,general,en,us,2023-08-20T19:21:33+00:00
Associated Press,"‘Blue Beetle’ unseats ‘Barbie’ atop box office, ending four-week reign","NEW YORK  — The DC superhero film &#8220;Blue Beetle&#8221; led weekend ticket sales with a modest $25.4 million opening, according to studio estimates Sunday, dethroning &#8220;Barbie&#8221; from the top spot after a record-setting run that left movie theaters colored pink for a month. The &#8220;Barbie&#8221; phenomenon is far from over. Greta Gerwig&#8217;s film, which earlier [&#8230;]",https://www.bostonherald.com/2023/08/20/blue-beetle-unseats-barbie-atop-box-office-ending-four-week-reign/,bostonherald,https://www.bostonherald.com/wp-content/uploads/2023/08/AP23116692381348.jpg?w=1400px&strip=all,general,en,us,2023-08-20T19:17:53+00:00
,The Reporter podcast: When the whistleblower turned out to be the fugitive,"This week on The Reporter podcast, Gary Adshead tells Michael Thomson a story of deception that would better suit a Hollywood movie than a WA health service.",https://www.brisbanetimes.com.au/national/western-australia/the-reporter-podcast-when-the-whistleblower-turned-out-to-be-the-fugitive-20230818-p5dxqb.html?ref=rss&utm_medium=rss&utm_source=rss_feed,brisbanetimes,https://static.ffx.io/images/$zoom_0.8967%2C$multiply_0.7554%2C$ratio_1.777778%2C$width_1059%2C$x_0%2C$y_0/t_crop_custom/q_86%2Cf_auto/15c011c5315de7c3c5f308eac2d310c76e4cc5f8,general,en,au,2023-08-20T19:00:00+00:00
,The Reporter podcast: When the whistleblower turned out to be the fugitive,"This week on The Reporter podcast, Gary Adshead tells Michael Thomson a story of deception that would better suit a Hollywood movie than a WA health service.",https://www.theage.com.au/national/western-australia/the-reporter-podcast-when-the-whistleblower-turned-out-to-be-the-fugitive-20230818-p5dxqb.html?ref=rss&utm_medium=rss&utm_source=rss_national,theage,https://static.ffx.io/images/$zoom_0.8967%2C$multiply_0.7554%2C$ratio_1.777778%2C$width_1059%2C$x_0%2C$y_0/t_crop_custom/q_86%2Cf_auto/15c011c5315de7c3c5f308eac2d310c76e4cc5f8,general,en,au,2023-08-20T19:00:00+00:00
,The Reporter podcast: When the whistleblower turned out to be the fugitive,"This week on The Reporter podcast, Gary Adshead tells Michael Thomson a story of deception that would better suit a Hollywood movie than a WA health service.",https://www.watoday.com.au/national/western-australia/the-reporter-podcast-when-the-whistleblower-turned-out-to-be-the-fugitive-20230818-p5dxqb.html?ref=rss&utm_medium=rss&utm_source=rss_feed,watoday,https://static.ffx.io/images/$zoom_0.8967%2C$multiply_0.7554%2C$ratio_1.777778%2C$width_1059%2C$x_0%2C$y_0/t_crop_custom/q_86%2Cf_auto/15c011c5315de7c3c5f308eac2d310c76e4cc5f8,general,en,au,2023-08-20T19:00:00+00:00
Eddie Chau,SEX FILES: What the ‘Barbie’ movie teaches us about love and relationships,"Unless you’ve been living under a rock the past few months, you may have noticed that a little something called the Barbie movie is taking the world by storm. From the hoards of pink-clad theatergoers to the endless stream of brand collaborations, it’s nearly impossible to escape the rosy neon glow that is the Barbie [&#8230;]",https://torontosun.com/life/sex-files/sex-files-what-the-barbie-movie-teaches-us-about-love-and-relationships,torontosun,,general,en,us,2023-08-20T18:51:03+00:00
Sajid Salamat,"Iran directors ridicule suspended jail sentence of filmmaker, producer","Iranian cinema directors have ridiculed a six-month suspended prison sentence handed down to Saeed Roustayi and his producer for showcasing their movie at last year&#8217;s Cannes Film Festival without authorization, saying it was designed to divert attention from the upcoming anniversary of the eruption of nationwide protests. They also said international reaction to the sentence [&#8230;]",https://dailytimes.com.pk/1124560/iran-directors-ridicule-suspended-jail-sentence-of-filmmaker-producer/,Daily Times,,general,en,pk,2023-08-20T18:50:16+00:00
"Joan Verdon, Senior Contributor",Licensing Sales Topped $340 Billion In 2022; Barbie Boost Expected This Year,"The Barbie movie shows the power of brands, and is likely to led to a surge in licensing deals, and sales this year.",https://www.forbes.com/sites/joanverdon/2023/08/20/licensing-sales-topped-340-billion-in-2022-barbie-boost-expected-this-year/,Forbes,https://imageio.forbes.com/specials-images/imageserve/64dd8823913d1ab2ecd8ae1f/0x0.jpg?width=960&precrop=1920%2C1280%2Cx0%2Cy27,general,en,us,2023-08-20T18:30:37+00:00
EditorDavid,"68 Years After His Death, James Dean Is Reportedly Starring in a New Movie - Thanks to AI","Nearly seven decades after he died, James Dean ""has been cast as the star in a new, upcoming movie,"" reports the BBC:A digital clone of the actor &mdash; created using artificial intelligence technology similar to that used to generate deepfakes &mdash; will walk, talk and interact on screen with other actors in the film... This is the second time Dean's digital clone has been lined up for a film. In 2019, it was announced he would be resurrected in CGI for a film called Finding Jack, but it was later cancelled. Travis Cloyd, chief executive of immersive media agency WorldwideXR (WXR...",https://entertainment.slashdot.org/story/23/08/20/0549235/68-years-after-his-death-james-dean-is-reportedly-starring-in-a-new-movie---thanks-to-ai?utm_source=rss1.0mainlinkanon&utm_medium=feed,slashdot,,general,en,us,2023-08-20T17:34:00+00:00
,"‘Blue Beetle’ unseats ‘Barbie’ atop box office, ending four-week reign","NEW YORK (AP) — The DC superhero film “Blue Beetle” led weekend ticket sales with a modest $25.4 million opening, according to studio estimates Sunday, dethroning “Barbie” from the top spot after a record-setting run that left movie theaters colored pink for a month.",https://www.wral.com/blue-beetle-unseats-barbie-atop-box-office-ending-four-week-reign/21009680/,wral,https://wwwcache.wral.com/asset/entertainment/2023/08/16/21003101/media_03b66a94c2fa45bd942487757de1b873-DMID1-5zzgjjezd-80x45.jpg,general,en,us,2023-08-20T17:32:22+00:00
Pritha Halder,"“Anabolic Broccoli With HGH Infused Chicken”: Eager to Play 302 Lbs WWE Legend, Chris Hemsworth Receives Fitness World’s Verdict for Physique Up-Gradation","The entertainment industry is ever stoked to manifest fitness models in their productions. They almost always would prefer actors with exceptionally toned bodies, specifically for action movies. And when it comes to that, who can talk about another figure before vividly creating an image of MCU&#8217;s Thor, Chris Hemsworth? He is undoubtedly one of the&#8230;The post “Anabolic Broccoli With HGH Infused Chicken”: Eager to Play 302 Lbs WWE Legend, Chris Hemsworth Receives Fitness World’s Verdict for Physique Up-Gradation appeared first on EssentiallySports.",https://www.essentiallysports.com/bodybuilding-news-wwe-news-anabolic-broccoli-with-hgh-infused-chicken-eager-to-play-three-hundred-two-lbs-wwe-legend-chris-hemsworth-receives-fitness-worlds-verdict-for-physique-up-gradation/,Essentially Sports,https://image-cdn.essentiallysports.com/wp-content/uploads/DlNz91vX0AACKPS-e1685782409350-478x315.jpg,sports,en,us,2023-08-20T17:30:42+00:00
Por JAKE COYLE,"""Blue Beetle"" pone fin a un mes de reinado de ""Barbie"" en la taquilla","La película de superhéroes de DC “Blue Beetle” dominó la taquilla el fin de semana con un estimado de 25,4 millones de dólares, según cálculos del estudio, destronando a “Barbie” del primer puesto después de una racha récord que dejó las salas de cine pintadas de rosa durante un mes.",https://www.sandiegouniontribune.com/en-espanol/noticias/story/2023-08-20/blue-beetle-pone-fin-a-un-mes-de-reinado-de-barbie-en-la-taquilla,signonsandiego,,general,en,us,2023-08-20T16:56:00+00:00
AP News,"‘Blue Beetle’ unseats ‘Barbie’ atop box office, ending four-week reign","The DC superhero film “Blue Beetle” led weekend ticket sales with an estimated $25.4 million, according to studio estimates, dethroning “Barbie” from the top spot after a record-setting run that left movie theaters colored pink for a month.The post ‘Blue Beetle’ unseats ‘Barbie’ atop box office, ending four-week reign appeared first on KYMA.",https://kyma.com/play/entertainment/2023/08/20/blue-beetle-unseats-barbie-atop-box-office-ending-four-week-reign/,kyma,,general,en,us,2023-08-20T16:54:20+00:00
Matthewprigge,"‘Barbie’ Has Finally Been Unseated From Its Top Spot At The Box Office, But Not By A Whole Lot","Warner Bros It took five weekends, but Greta Gerwig's smash hit is no longer the North American box office champ.",https://uproxx.com/movies/barbie-unseated-box-office-champ-blue-beetle/,hitfix,,general,en,us,2023-08-20T16:50:21+00:00
,"‘Blue Beetle’ unseats ‘Barbie’ atop box office, ending four-week reign","The DC superhero film “Blue Beetle” led weekend ticket sales with an estimated $25.4 million, according to studio estimates, dethroning “Barbie” from the top spot after a record-setting run that left movie theaters colored pink for a month.",https://www.cp24.com/news/blue-beetle-unseats-barbie-atop-box-office-ending-four-week-reign-1.6526767,CP24,https://www.cp24.com/polopoly_fs/1.6492152.1690225876!/httpImage/image.jpg_gen/derivatives/landscape_300/image.jpg,general,en,ca,2023-08-20T16:33:17+00:00
"Mary Whitfill Roeloffs, Forbes Staff",DC Deals A Blow To Barbiemania: ‘Blue Beetle' Ends Greta Gerwig’s Monthlong Box Office Streak,The latest addition to the DC superhero universe ended four straight weeks of ‘Barbie’ wins.,https://www.forbes.com/sites/maryroeloffs/2023/08/20/dc-deals-a-blow-to-barbiemania-blue-beetle-ends-greta-gerwigs-monthlong-box-office-streak/,Forbes,https://imageio.forbes.com/specials-images/imageserve/64e23d317cd4bd6203d8ae23/0x0.jpg,general,en,us,2023-08-20T16:28:10+00:00
Associated Press,"‘Blue Beetle’ unseats ‘Barbie’ atop box office, ending four-week reign","NEW YORK (AP) &#8212; The DC superhero film &#8220;Blue Beetle&#8221; led weekend ticket sales with an estimated $25.4 million, according to studio estimates, dethroning &#8220;Barbie&#8221; from the top spot after a record-setting run that left movie theaters colored pink for a month. The &#8220;Barbie&#8221; phenomenon is far from over. Greta Gerwig&#8217;s film, which earlier this [&#8230;]",https://torontosun.com/entertainment/movies/blue-beetle-unseats-barbie-atop-box-office-ending-four-week-reign,torontosun,,general,en,us,2023-08-20T16:26:35+00:00
AP News,"‘Blue Beetle’ unseats ‘Barbie’ atop box office, ending four-week reign","The DC superhero film “Blue Beetle” led weekend ticket sales with an estimated $25.4 million, according to studio estimates, dethroning “Barbie” from the top spot after a record-setting run that left movie theaters colored pink for a month. The “Barbie” phenomenon is far from over. Greta Gerwig’s film grossed $21.5 million in its fifth weekend. Its domestic tally is up to $567.3 million. The other half of “Barbenheimer” also continues to perform remarkably well. Christopher Nolan’s “Oppenheimer” took in $10.6 million in its fifth week. With a $285.2 million domestic...",https://www.mymotherlode.com/entertainment/3212597/blue-beetle-unseats-barbie-atop-box-office-ending-four-week-reign.html,mymotherlode,,general,en,us,2023-08-20T16:23:35+00:00
